Age,PropMature
0,0.002597
1,0.237385
2,0.740283
3,0.937031
4,0.981439
5,0.992287
6,0.995726
7,0.997101
8,0.99775
9,0.998092
10,0.998286
