Year,SST_CC_ann
1984,15.99283
1985,15.66987
1986,15.73054
1987,16.19182
1988,15.71291
1989,15.61665
1990,15.93865
1991,15.70547
1992,16.62638
1993,16.33465
1994,16.44578
1995,15.79355
1996,16.21949
1997,16.80187
1998,16.55176
1999,15.18552
2000,15.73355
2001,15.4982
2002,14.90527
2003,15.98058
2004,15.78369
2005,15.36299
2006,15.71901
2007,15.06105
2008,15.12961
